utc_time,lat_deg,lon_deg,alt_m,ecef_x_m,ecef_y_m,ecef_z_m,vel_e_ms,vel_n_ms,vel_u_ms,speed_ms,clock_bias_m,n_sats,systems,gdop
2026-03-21T15:17:57.418Z,32.16872230,34.81330665,43.562,4436903.090,3085256.432,3376306.416,0.050,-0.330,-0.075,0.342,-14.683,22,GECR,1.90
2026-03-21T15:17:58.418Z,32.16878218,34.81329368,46.858,4436903.176,3085255.002,3376313.791,-0.258,-0.361,0.157,0.471,-10.199,27,GECR,1.32
2026-03-21T15:17:59.418Z,32.16873988,34.81320564,37.677,4436903.586,3085245.173,3376304.933,-0.164,-0.232,0.070,0.293,-18.755,26,GECR,1.24
2026-03-21T15:18:00.418Z,32.16877661,34.81325137,35.665,4436897.945,3085246.504,3376307.309,-0.000,0.013,-0.004,0.014,-18.052,24,GECR,1.30
2026-03-21T15:18:01.418Z,32.16877298,34.81321786,44.940,4436906.372,3085248.514,3376311.906,0.201,-0.101,-0.924,0.951,-12.167,24,GECR,1.43
2026-03-21T15:18:02.418Z,32.16873952,34.81320825,47.574,4436910.342,3085250.170,3376310.168,-0.129,0.551,-0.124,0.579,-6.755,28,GECR,1.17
2026-03-21T15:18:03.418Z,32.16875587,34.81320841,49.533,4436910.902,3085250.578,3376312.746,-0.268,0.737,0.024,0.785,-7.698,28,GECR,1.17
2026-03-21T15:18:04.418Z,32.16877223,34.81321452,38.774,4436902.302,3085245.301,3376308.553,0.094,0.843,-0.476,0.972,-14.900,28,GECR,1.26
2026-03-21T15:18:05.418Z,32.16876515,34.81323784,33.959,4436898.044,3085245.019,3376305.325,0.213,0.620,-0.388,0.762,-17.770,27,GECR,1.21
2026-03-21T15:18:06.418Z,32.16878927,34.81324786,36.840,4436898.337,3085246.374,3376309.123,0.299,0.573,-0.296,0.711,-14.848,26,GECR,1.24
2026-03-21T15:18:07.418Z,32.16879605,34.81324830,43.575,4436902.665,3085249.434,3376313.345,0.042,0.115,0.153,0.196,-8.305,25,GECR,1.35
2026-03-21T15:18:08.418Z,32.16876624,34.81320881,42.773,4436905.680,3085246.993,3376310.120,-0.582,-0.658,-0.985,1.320,-6.595,25,GECR,1.35
2026-03-21T15:18:09.418Z,32.16878828,34.81321184,37.164,4436900.551,3085243.774,3376309.202,-3.047,-0.611,1.735,3.559,-15.701,24,GECR,1.47
2026-03-21T15:18:10.418Z,32.16875176,34.81318839,23.917,4436894.376,3085236.787,3376298.722,-3.279,0.017,-0.287,3.292,-27.360,21,GECR,1.58
2026-03-21T15:18:11.418Z,32.16873640,34.81312647,29.011,4436901.996,3085234.972,3376299.992,-4.000,0.120,0.070,4.003,-25.252,21,GECR,1.50
2026-03-21T15:18:12.418Z,32.16874556,34.81305797,41.325,4436913.798,3085235.310,3376307.408,-4.578,0.318,-1.185,4.739,-16.163,22,GECR,1.53
2026-03-21T15:18:13.418Z,32.16881010,34.81301579,45.516,4436915.854,3085231.894,3376315.697,-6.333,0.415,-0.295,6.353,-14.998,20,GECR,1.73
2026-03-21T15:18:14.418Z,32.16878921,34.81296894,32.733,4436910.505,3085222.792,3376306.930,-6.546,0.417,-0.797,6.607,-26.974,23,GECR,1.29
2026-03-21T15:18:15.418Z,32.16878839,34.81285658,38.379,4436920.519,3085216.847,3376309.860,-6.385,0.387,-1.506,6.572,-22.839,25,GECR,1.34
2026-03-21T15:18:16.418Z,32.16874886,34.81279780,19.498,4436912.478,3085204.503,3376296.096,-6.926,0.388,-0.715,6.974,-43.507,22,GECR,1.48
2026-03-21T15:18:17.418Z,32.16884604,34.81278140,37.346,4436921.054,3085208.583,3376314.721,-7.119,0.391,-0.466,7.145,-30.244,27,GECR,1.12
2026-03-21T15:18:18.418Z,32.16878993,34.81264791,31.968,4436927.225,3085197.538,3376306.590,-7.436,0.454,-0.287,7.456,-37.506,25,GECR,1.24
2026-03-21T15:18:19.418Z,32.16885782,34.81255206,49.578,4436941.334,3085196.338,3376322.339,-7.467,0.457,-0.423,7.493,-22.586,26,GECR,1.21
2026-03-21T15:18:20.418Z,32.16880067,34.81248972,34.736,4436937.146,3085186.264,3376309.073,-7.540,0.510,-0.349,7.565,-37.642,28,GECR,1.16
2026-03-21T15:18:21.418Z,32.16885017,34.81240906,47.255,4436947.791,3085184.399,3376320.384,-6.960,0.182,-1.761,7.181,-30.268,27,GECR,1.14
2026-03-21T15:18:22.418Z,32.16882326,34.81237627,30.586,4436939.276,3085174.711,3376308.983,-7.464,0.224,-0.999,7.534,-46.605,26,GECR,1.22
2026-03-21T15:18:23.418Z,32.16879602,34.81221665,21.112,4436942.607,3085158.690,3376301.382,-7.181,0.312,-0.163,7.189,-55.027,25,GECR,1.21
2026-03-21T15:18:24.418Z,32.16878277,34.81223840,41.081,4436955.956,3085170.471,3376310.770,-6.415,-0.202,-1.387,6.566,-38.583,30,GECR,1.00
2026-03-21T15:18:25.418Z,32.16881577,34.81209295,49.491,4436968.033,3085162.159,3376318.346,-6.125,0.626,-0.542,6.181,-31.390,23,GECR,1.40
2026-03-21T15:18:26.418Z,32.16890622,34.81215276,38.452,4436952.756,3085158.407,3376320.959,-4.751,0.664,-0.670,4.844,-48.363,25,GECR,1.17
2026-03-21T15:18:27.418Z,32.16887161,34.81204895,37.891,4436959.634,3085151.264,3376317.412,-4.484,0.494,-0.111,4.512,-43.630,23,GECR,1.28
2026-03-21T15:18:28.418Z,32.16886812,34.81194107,38.770,4436966.223,3085143.452,3376317.552,-3.634,0.727,-0.512,3.741,-45.121,25,GECR,1.20
2026-03-21T15:18:29.418Z,32.16884104,34.81193718,23.369,4436957.041,3085136.622,3376306.811,-2.812,1.262,-0.295,3.097,-59.998,26,GECR,1.10
2026-03-21T15:18:30.418Z,32.16889238,34.81186194,47.352,4436975.272,3085140.654,3376324.399,-1.884,1.957,-0.319,2.735,-42.501,28,GECR,1.07
2026-03-21T15:18:31.418Z,32.16890183,34.81185955,34.952,4436966.325,3085134.159,3376318.683,-0.532,2.564,-0.020,2.618,-54.097,26,GECR,1.22
2026-03-21T15:18:32.418Z,32.16892757,34.81188151,37.903,4436965.946,3085136.417,3376322.671,0.380,1.704,-0.232,1.761,-52.500,27,GECR,1.14
2026-03-21T15:18:33.418Z,32.16892517,34.81188467,33.767,4436963.017,3085134.744,3376320.243,0.342,1.476,0.342,1.553,-58.332,29,GECR,1.07
2026-03-21T15:18:34.418Z,32.16895695,34.81187974,37.816,4436964.556,3085135.248,3376325.382,0.375,2.166,0.026,2.198,-54.468,27,GECR,1.20
2026-03-21T15:18:35.418Z,32.16899491,34.81189504,33.745,4436959.063,3085133.186,3376326.777,0.285,3.330,-0.279,3.354,-56.713,29,GECR,1.07
2026-03-21T15:18:36.418Z,32.16902279,34.81189720,36.264,4436959.346,3085133.631,3376330.736,1.309,3.243,-0.884,3.608,-56.917,29,GECR,1.12
2026-03-21T15:18:37.418Z,32.16902649,34.81186428,32.079,4436958.030,3085128.935,3376328.855,1.491,4.034,0.438,4.323,-62.293,27,GECR,1.20
2026-03-21T15:18:38.418Z,32.16911245,34.81195253,40.475,4436954.947,3085136.928,3376341.393,1.985,4.268,-0.298,4.716,-54.838,30,GECR,1.06
2026-03-21T15:18:39.418Z,32.16911134,34.81195551,32.028,4436948.970,3085133.115,3376336.792,2.152,5.118,-0.190,5.555,-64.394,31,GECR,1.07
2026-03-21T15:18:40.418Z,32.16918166,34.81198012,34.002,4436945.608,3085133.605,3376344.444,2.560,6.242,-0.056,6.747,-65.068,32,GECR,1.10
2026-03-21T15:18:41.418Z,32.16924516,34.81200963,35.933,4436942.283,3085134.683,3376351.432,2.989,7.542,0.267,8.117,-66.697,28,GECR,1.15
2026-03-21T15:18:42.418Z,32.16931190,34.81207379,36.131,4436935.731,3085137.496,3376357.803,3.244,8.261,0.161,8.877,-68.388,29,GECR,1.22
2026-03-21T15:18:43.418Z,32.16936906,34.81207924,33.531,4436930.860,3085134.736,3376361.784,3.420,8.519,0.276,9.184,-74.413,25,GECR,1.36
2026-03-21T15:18:44.418Z,32.16946864,34.81212895,39.731,4436927.665,3085138.225,3376374.432,3.461,8.133,0.031,8.839,-74.873,31,GECR,1.04
2026-03-21T15:18:45.418Z,32.16952408,34.81217383,33.937,4436918.534,3085137.033,3376376.551,3.142,8.070,-0.055,8.660,-82.532,30,GECR,1.08
2026-03-21T15:18:46.418Z,32.16960126,34.81217761,31.317,4436912.768,3085133.457,3376382.400,3.259,8.804,0.423,9.397,-89.450,30,GECR,1.06
2026-03-21T15:18:47.418Z,32.16964688,34.81221025,30.109,4436907.960,3085133.864,3376386.039,3.133,8.476,-0.277,9.041,-98.076,30,GECR,1.09
2026-03-21T15:18:48.418Z,32.16976647,34.81225633,30.333,4436899.837,3085133.509,3376397.385,3.298,7.985,0.307,8.645,-100.510,31,GECR,1.02
2026-03-21T15:18:49.418Z,32.16980700,34.81230333,38.677,4436901.140,3085139.815,3376405.632,3.040,8.245,0.205,8.790,-101.606,31,GECR,1.08
2026-03-21T15:18:50.418Z,32.16991629,34.81235647,38.892,4436893.131,3085140.350,3376416.004,3.149,7.116,-0.704,7.813,-106.344,27,GECR,1.17
2026-03-21T15:18:51.418Z,32.16999525,34.81235750,35.803,4436887.102,3085136.276,3376421.771,3.331,8.675,0.423,9.302,-115.481,27,GECR,1.35
2026-03-21T15:18:52.418Z,32.17003532,34.81236645,29.622,4436880.381,3085132.631,3376422.241,2.837,8.347,-0.394,8.825,-128.539,25,GECR,1.57
2026-03-21T15:18:53.418Z,32.17013916,34.81240618,34.418,4436876.542,3085134.526,3376434.542,3.116,8.063,0.070,8.644,-133.134,26,GECR,1.34
2026-03-21T15:18:54.418Z,32.17020990,34.81248956,34.642,4436868.778,3085138.706,3376441.302,3.016,7.865,0.693,8.452,-138.186,28,GECR,1.32
2026-03-21T15:18:55.418Z,32.17026412,34.81248637,31.132,4436863.882,3085134.935,3376444.523,3.080,7.959,-0.080,8.535,-150.745,30,GECR,1.09
2026-03-21T15:18:56.418Z,32.17036368,34.81252968,38.102,4436861.568,3085138.302,3376457.578,3.305,8.155,0.169,8.801,-152.198,29,GECR,1.10
2026-03-21T15:18:57.418Z,32.17044198,34.81257896,39.983,4436856.427,3085140.387,3376465.929,3.380,8.682,0.591,9.335,-158.545,27,GECR,1.37
2026-03-21T15:18:58.418Z,32.17049370,34.81260579,33.695,4436848.104,3085137.683,3376467.436,3.385,8.436,-0.398,9.099,-172.342,30,GECR,1.16
2026-03-21T15:18:59.418Z,32.17056523,34.81262095,36.303,4436845.633,3085137.706,3376475.539,3.356,9.050,0.236,9.655,-180.393,27,GECR,1.27
2026-03-21T15:19:00.418Z,32.17063810,34.81267539,29.616,4436834.522,3085136.234,3376478.819,3.412,9.066,0.051,9.687,-192.527,27,GECR,1.26
2026-03-21T15:19:01.418Z,32.17074485,34.81269072,39.661,4436835.503,3085138.677,3376494.187,3.237,8.657,0.062,9.243,-193.860,30,GECR,1.12
2026-03-21T15:19:02.418Z,32.17079319,34.81272703,37.317,4436829.575,3085138.727,3376497.476,2.978,8.415,1.087,8.992,-204.863,30,GECR,1.09
2026-03-21T15:19:03.418Z,32.17084136,34.81274516,29.499,4436820.831,3085134.729,3376497.835,2.653,7.188,-0.318,7.669,-218.831,29,GECR,1.24
2026-03-21T15:19:04.418Z,32.17098148,34.81279134,35.280,4436815.569,3085136.375,3376514.065,3.177,6.598,-0.220,7.326,-218.747,29,GECR,1.12
2026-03-21T15:19:05.418Z,32.17100260,34.81285449,35.401,4436811.230,3085140.612,3376516.113,3.016,7.170,-0.002,7.779,-228.057,29,GECR,1.16
2026-03-21T15:19:06.418Z,32.17106504,34.81291048,43.655,4436810.924,3085146.832,3376526.369,2.819,7.782,-0.124,8.278,-229.635,31,GECR,1.12
2026-03-21T15:19:07.418Z,32.17111780,34.81285024,29.307,4436801.638,3085133.455,3376523.681,2.435,7.781,-0.393,8.162,-248.962,29,GECR,1.20
2026-03-21T15:19:08.418Z,32.17121615,34.81292615,33.336,4436795.584,3085137.965,3376535.057,2.025,7.900,0.542,8.173,-250.706,27,GECR,1.17
2026-03-21T15:19:09.418Z,32.17125393,34.81294015,48.998,4436803.883,3085145.344,3376546.943,0.676,7.536,-1.252,7.669,-248.592,27,GECR,1.25
2026-03-21T15:19:10.418Z,32.17132352,34.81293201,29.250,4436787.224,3085132.825,3376542.960,1.031,7.967,-0.147,8.035,-270.110,29,GECR,1.05
2026-03-21T15:19:11.418Z,32.17141181,34.81293085,28.233,4436782.299,3085129.268,3376550.706,1.624,7.943,1.424,8.232,-278.382,26,GECR,1.35
2026-03-21T15:19:12.418Z,32.17151211,34.81294622,40.564,4436785.179,3085133.036,3376566.686,1.281,7.263,-0.194,7.378,-276.272,29,GECR,1.20
2026-03-21T15:19:13.418Z,32.17161963,34.81298329,40.773,4436778.116,3085132.383,3376576.890,0.988,7.705,-0.735,7.803,-283.808,32,GECR,1.02
2026-03-21T15:19:14.418Z,32.17166971,34.81298402,35.892,4436772.257,3085128.393,3376578.992,0.955,7.990,-0.184,8.049,-294.168,27,GECR,1.22
2026-03-21T15:19:15.418Z,32.17173059,34.81297744,31.025,4436766.278,3085123.479,3376582.114,0.937,7.837,0.076,7.893,-306.244,29,GECR,1.23
2026-03-21T15:19:16.418Z,32.17180138,34.81299009,41.490,4436769.438,3085127.130,3376594.331,0.878,8.482,0.946,8.580,-305.136,30,GECR,1.16
2026-03-21T15:19:17.418Z,32.17186869,34.81300694,34.270,4436760.250,3085122.677,3376596.805,0.865,7.683,0.242,7.736,-318.467,27,GECR,1.25
2026-03-21T15:19:18.418Z,32.17192673,34.81301164,33.824,4436756.873,3085120.868,3376602.016,0.800,7.199,-0.132,7.244,-328.020,31,GECR,1.09
2026-03-21T15:19:19.418Z,32.17200120,34.81305683,32.536,4436749.934,3085121.236,3376608.320,0.760,6.897,0.099,6.939,-335.807,27,GECR,1.23
2026-03-21T15:19:20.418Z,32.17206167,34.81304557,37.078,4436750.765,3085120.520,3376616.414,0.636,6.486,0.184,6.519,-337.603,30,GECR,1.11
2026-03-21T15:19:21.418Z,32.17213199,34.81303662,48.889,4436756.047,3085123.164,3376629.304,0.724,6.007,-0.501,6.071,-335.186,31,GECR,1.05
2026-03-21T15:19:22.418Z,32.17217647,34.81304128,37.674,4436745.846,3085116.606,3376627.507,0.691,5.847,-0.023,5.888,-352.878,28,GECR,1.16
2026-03-21T15:19:23.418Z,32.17224704,34.81308044,43.552,4436744.401,3085120.099,3376637.261,0.647,5.485,0.022,5.523,-355.187,29,GECR,1.13
2026-03-21T15:19:24.418Z,32.17225960,34.81305636,38.001,4436741.231,3085115.129,3376635.484,0.668,5.004,-0.091,5.049,-366.541,30,GECR,1.10
2026-03-21T15:19:25.418Z,32.17229482,34.81307252,38.177,4436738.776,3085115.279,3376638.883,0.682,4.627,0.081,4.678,-371.529,30,GECR,1.02
2026-03-21T15:19:26.418Z,32.17232646,34.81307947,30.822,4436731.756,3085111.196,3376637.937,0.310,3.879,0.315,3.905,-382.520,27,GECR,1.24
2026-03-21T15:19:27.418Z,32.17239147,34.81306076,43.433,4436738.377,3085113.650,3376650.754,-0.211,2.580,-0.274,2.603,-379.580,31,GECR,1.02
2026-03-21T15:19:28.418Z,32.17242402,34.81308007,40.516,4436733.732,3085112.638,3376652.256,-1.037,2.494,-0.192,2.708,-388.457,31,GECR,0.99
2026-03-21T15:19:29.418Z,32.17245236,34.81302248,41.746,4436736.314,3085107.818,3376655.571,-2.161,2.119,-1.135,3.233,-393.138,34,GECR,0.98
2026-03-21T15:19:30.418Z,32.17244425,34.81300325,39.698,4436736.319,3085105.613,3376653.720,-3.560,1.681,-0.415,3.959,-402.325,28,GECR,1.08
2026-03-21T15:19:31.418Z,32.17246423,34.81292528,46.733,4436744.437,3085102.301,3376659.341,-4.679,1.048,-0.094,4.796,-400.406,29,GECR,1.05
2026-03-21T15:19:32.418Z,32.17249310,34.81290515,46.110,4436743.689,3085099.467,3376661.719,-5.347,0.835,0.238,5.417,-407.626,31,GECR,1.03
2026-03-21T15:19:33.418Z,32.17247949,34.81287422,34.489,4436737.938,3085091.916,3376654.254,-5.405,0.447,-0.945,5.505,-423.535,28,GECR,1.09
2026-03-21T15:19:34.418Z,32.17248142,34.81279092,36.579,4436743.782,3085086.410,3376655.547,-5.430,0.506,-0.856,5.520,-427.086,28,GECR,1.08
2026-03-21T15:19:35.418Z,32.17248976,34.81270066,43.569,4436753.096,3085082.518,3376660.052,-5.419,0.650,-0.684,5.500,-425.232,31,GECR,1.03
2026-03-21T15:19:36.418Z,32.17251224,34.81266506,40.305,4436751.654,3085077.426,3376660.424,-5.372,0.707,-0.325,5.428,-435.287,28,GECR,1.07
2026-03-21T15:19:37.418Z,32.17252967,34.81261244,38.324,4436752.266,3085071.806,3376661.005,-5.429,0.740,-0.630,5.515,-442.941,30,GECR,1.00
2026-03-21T15:19:38.418Z,32.17251058,34.81254602,35.296,4436754.664,3085065.843,3376657.601,-5.691,0.984,-0.564,5.803,-450.397,27,GECR,1.15
2026-03-21T15:19:39.418Z,32.17253988,34.81250588,36.823,4436756.466,3085062.485,3376661.165,-5.761,1.285,-0.129,5.904,-452.632,25,GECR,1.18
2026-03-21T15:19:40.418Z,32.17253823,34.81241111,41.892,4436765.171,3085057.651,3376663.709,-5.505,1.630,-0.001,5.741,-453.141,26,GECR,1.14
2026-03-21T15:19:41.418Z,32.17253303,34.81236528,40.114,4436766.655,3085053.419,3376662.274,-4.973,1.651,-1.005,5.335,-458.899,30,GECR,1.05
2026-03-21T15:19:42.418Z,32.17257447,34.81231000,43.050,4436769.663,3085049.160,3376667.727,-4.527,1.682,-0.031,4.829,-460.848,28,GECR,1.04
2026-03-21T15:19:43.418Z,32.17256475,34.81226607,45.342,4436774.093,3085047.194,3376668.035,-3.601,1.013,-0.106,3.743,-464.579,27,GECR,1.14
2026-03-21T15:19:44.418Z,32.17259049,34.81221066,42.230,4436773.666,3085040.531,3376668.795,-3.142,0.478,0.267,3.189,-472.011,31,GECR,1.02
2026-03-21T15:19:45.418Z,32.17257300,34.81220492,41.950,4436774.628,3085040.541,3376667.003,-2.716,-0.677,0.022,2.800,-477.006,30,GECR,0.99
2026-03-21T15:19:46.418Z,32.17258493,34.81221149,27.595,4436763.720,3085033.711,3376660.479,-3.094,-2.128,0.172,3.759,-493.435,32,GECR,0.99
2026-03-21T15:19:47.418Z,32.17253725,34.81213589,45.982,4436782.880,3085038.349,3376665.795,-2.605,-3.636,-0.369,4.488,-480.805,29,GECR,1.05
2026-03-21T15:19:48.418Z,32.17247582,34.81211092,35.578,4436779.972,3085033.459,3376654.489,-1.943,-4.953,-1.211,5.457,-492.742,30,GECR,1.03
2026-03-21T15:19:49.418Z,32.17245872,34.81213638,43.679,4436785.060,3085039.922,3376657.198,-1.851,-4.881,-0.109,5.221,-488.652,31,GECR,1.12
2026-03-21T15:19:50.418Z,32.17236502,34.81214614,42.188,4436788.042,3085043.115,3376647.608,-2.286,-4.452,0.709,5.055,-493.916,27,GECR,1.23
2026-03-21T15:19:51.418Z,32.17233658,34.81207455,39.098,4436791.127,3085037.037,3376643.293,-1.816,-4.599,0.054,4.945,-499.249,29,GECR,1.11
2026-03-21T15:19:52.418Z,32.17231797,34.81206623,43.725,4436795.693,3085039.256,3376644.011,-1.408,-4.923,-0.237,5.126,-501.930,29,GECR,1.11
2026-03-21T15:19:53.418Z,32.17228740,34.81206877,37.927,4436793.009,3085037.681,3376638.054,-1.688,-4.450,-0.119,4.761,-509.934,27,GECR,1.24
2026-03-21T15:19:54.418Z,32.17224105,34.81200949,44.871,4436803.274,3085038.009,3376637.401,-1.626,-4.486,0.110,4.772,-507.270,27,GECR,1.13
2026-03-21T15:19:55.418Z,32.17217919,34.81202447,41.016,4436802.786,3085039.391,3376629.542,-1.570,-4.773,0.021,5.025,-513.555,26,GECR,1.37
2026-03-21T15:19:56.418Z,32.17213694,34.81194350,44.609,4436811.692,3085036.281,3376627.489,-2.126,-4.953,0.085,5.390,-511.527,31,GECR,1.03
2026-03-21T15:19:57.418Z,32.17209451,34.81197060,40.753,4436809.609,3085037.947,3376621.453,-2.110,-5.687,0.331,6.075,-519.637,28,GECR,1.26
2026-03-21T15:19:58.418Z,32.17201774,34.81191885,46.140,4436819.861,3085039.130,3376617.116,-2.061,-6.127,-0.038,6.465,-517.703,25,GECR,1.46
2026-03-21T15:19:59.418Z,32.17198622,34.81195019,38.181,4436814.170,3085038.774,3376609.919,-2.233,-6.360,0.148,6.743,-528.049,26,GECR,1.28
2026-03-21T15:20:00.418Z,32.17192134,34.81188610,42.411,4436823.706,3085038.041,3376606.082,-1.879,-6.602,-0.423,6.877,-525.812,27,GECR,1.29
2026-03-21T15:20:01.418Z,32.17185521,34.81184834,46.977,4436832.118,3085039.553,3376602.306,-1.760,-6.765,-0.580,7.014,-524.145,30,GECR,1.09
2026-03-21T15:20:02.418Z,32.17183146,34.81187778,35.535,4436823.733,3085037.105,3376593.985,-1.954,-6.904,-0.487,7.191,-533.365,28,GECR,1.25
2026-03-21T15:20:03.418Z,32.17177012,34.81184325,40.594,4436832.082,3085038.943,3376590.920,-2.036,-6.793,-0.292,7.097,-532.383,26,GECR,1.22
2026-03-21T15:20:04.418Z,32.17169082,34.81182610,39.355,4436835.988,3085039.689,3376582.817,-2.169,-6.523,-0.265,6.879,-533.236,24,GECR,1.32
2026-03-21T15:20:05.418Z,32.17163718,34.81179705,40.571,4436840.998,3085039.836,3376578.430,-1.786,-6.222,-0.925,6.539,-533.273,28,GECR,1.14
2026-03-21T15:20:06.418Z,32.17156510,34.81175993,45.978,4436850.248,3085042.003,3376574.542,-2.039,-6.172,-0.263,6.506,-529.654,24,GECR,1.26
2026-03-21T15:20:07.418Z,32.17148764,34.81171650,48.421,4436858.039,3085042.431,3376568.573,-2.115,-5.993,-0.091,6.356,-530.350,25,GECR,1.35
2026-03-21T15:20:08.418Z,32.17144261,34.81171810,40.264,4436854.467,3085040.132,3376560.003,-1.973,-6.000,-0.163,6.318,-536.307,27,GECR,1.18
2026-03-21T15:20:09.418Z,32.17141919,34.81168401,35.134,4436853.874,3085035.802,3376555.074,-1.795,-6.172,-0.357,6.438,-540.466,27,GECR,1.21
2026-03-21T15:20:10.418Z,32.17135668,34.81166102,39.741,4436861.343,3085038.355,3376551.659,-2.690,-6.417,0.964,7.024,-537.380,27,GECR,1.27
2026-03-21T15:20:11.418Z,32.17128863,34.81165636,40.627,4436865.509,3085040.716,3376545.743,-2.216,-6.672,-0.912,7.090,-538.237,26,GECR,1.39
2026-03-21T15:20:12.418Z,32.17123798,34.81161276,41.268,4436870.757,3085039.357,3376541.330,-2.968,-7.040,0.058,7.640,-540.295,27,GECR,1.18
2026-03-21T15:20:13.418Z,32.17117292,34.81158371,37.928,4436873.154,3085037.686,3376533.445,-3.276,-7.386,0.390,8.089,-546.834,26,GECR,1.26
2026-03-21T15:20:14.418Z,32.17109218,34.81156702,37.730,4436877.829,3085039.020,3376525.761,-3.358,-7.981,-1.050,8.722,-546.649,28,GECR,1.25
2026-03-21T15:20:15.418Z,32.17100840,34.81151209,39.260,4436885.911,3085038.330,3376518.712,-3.790,-7.880,-0.459,8.756,-547.583,26,GECR,1.36
2026-03-21T15:20:16.418Z,32.17095547,34.81146486,43.541,4436893.996,3085038.524,3376516.023,-3.097,-7.547,-1.558,8.305,-544.546,27,GECR,1.29
2026-03-21T15:20:17.418Z,32.17088559,34.81144246,38.623,4436895.171,3085036.769,3376506.845,-3.505,-7.754,-0.254,8.513,-550.286,28,GECR,1.15
2026-03-21T15:20:18.418Z,32.17080992,34.81140384,36.820,4436899.666,3085035.458,3376498.781,-3.434,-7.060,0.502,7.867,-551.589,24,GECR,1.45
2026-03-21T15:20:19.418Z,32.17076723,34.81138583,37.557,4436903.217,3085035.858,3376495.167,-2.857,-6.306,0.337,6.931,-552.845,27,GECR,1.20
2026-03-21T15:20:20.418Z,32.17067661,34.81134593,42.017,4436912.859,3085037.978,3376489.036,-2.923,-5.902,0.347,6.595,-552.577,24,GECR,1.40
2026-03-21T15:20:21.418Z,32.17062763,34.81130328,40.145,4436916.228,3085035.422,3376483.442,-2.702,-5.636,-0.638,6.282,-553.445,24,GECR,1.64
2026-03-21T15:20:22.418Z,32.17058821,34.81132477,40.001,4436916.882,3085038.345,3376479.665,-3.606,-6.270,0.232,7.237,-551.732,29,GECR,1.14
2026-03-21T15:20:23.418Z,32.17053253,34.81125669,39.557,4436922.938,3085034.735,3376474.202,-3.145,-7.210,-0.915,7.919,-557.969,29,GECR,1.09
2026-03-21T15:20:24.418Z,32.17047296,34.81121373,36.582,4436926.071,3085031.978,3376467.026,-3.477,-8.172,-0.187,8.883,-561.747,28,GECR,1.12
2026-03-21T15:20:25.418Z,32.17039571,34.81116124,38.173,4436933.748,3085031.286,3376460.623,-3.387,-7.795,-0.200,8.501,-560.684,25,GECR,1.32
2026-03-21T15:20:26.418Z,32.17030579,34.81112610,52.109,4436949.685,3085038.330,3376459.603,-3.297,-7.600,0.214,8.287,-552.439,29,GECR,1.08
2026-03-21T15:20:27.418Z,32.17026141,34.81110181,33.919,4436940.502,3085029.155,3376445.751,-2.623,-6.868,0.211,7.355,-566.639,25,GECR,1.30
2026-03-21T15:20:28.418Z,32.17021119,34.81110124,33.889,4436942.946,3085030.789,3376441.022,-2.559,-5.950,-0.709,6.515,-566.008,28,GECR,1.15
2026-03-21T15:20:29.418Z,32.17014422,34.81103926,36.642,4436951.443,3085029.577,3376436.201,-2.766,-6.034,0.355,6.647,-563.373,25,GECR,1.23
2026-03-21T15:20:30.418Z,32.17006413,34.81100038,40.000,4436959.752,3085030.888,3376430.471,-2.062,-6.053,-0.987,6.470,-560.878,30,GECR,1.09
2026-03-21T15:20:31.418Z,32.17002390,34.81095798,43.379,4436966.334,3085030.594,3376428.495,-2.367,-6.307,0.020,6.737,-559.061,27,GECR,1.09
2026-03-21T15:20:32.418Z,32.16992650,34.81092458,49.709,4436977.253,3085034.349,3376422.722,-2.678,-6.562,0.452,7.101,-554.167,26,GECR,1.19
2026-03-21T15:20:33.418Z,32.16990743,34.81095784,33.432,4436965.075,3085029.702,3376412.266,-2.621,-7.208,-0.018,7.670,-566.287,26,GECR,1.12
2026-03-21T15:20:34.418Z,32.16983596,34.81094589,37.883,4436972.276,3085033.336,3376407.927,-2.537,-7.748,-0.274,8.158,-562.158,25,GECR,1.44
2026-03-21T15:20:35.418Z,32.16974894,34.81087615,43.875,4436984.414,3085033.763,3376402.949,-2.964,-7.613,-0.314,8.176,-557.297,27,GECR,1.23
2026-03-21T15:20:36.418Z,32.16971992,34.81088490,33.642,4436978.238,3085030.475,3376394.776,-2.662,-7.805,-0.355,8.254,-565.053,23,GECR,1.39
2026-03-21T15:20:37.418Z,32.16962406,34.81083720,38.584,4436988.888,3085032.400,3376388.410,-2.616,-7.962,-0.339,8.388,-560.964,27,GECR,1.19
2026-03-21T15:20:38.418Z,32.16955458,34.81080360,37.233,4436993.126,3085031.487,3376381.169,-3.174,-8.005,0.278,8.616,-560.769,28,GECR,1.21
2026-03-21T15:20:39.418Z,32.16948165,34.81078227,37.043,4436997.678,3085032.202,3376374.222,-2.822,-8.231,-0.144,8.702,-560.248,26,GECR,1.39
2026-03-21T15:20:40.418Z,32.16937462,34.81069079,48.258,4437015.586,3085034.144,3376370.146,-2.782,-8.075,-0.542,8.558,-553.291,25,GECR,1.33
2026-03-21T15:20:41.418Z,32.16932025,34.81069994,42.746,4437013.898,3085034.022,3376362.108,-2.878,-8.420,0.231,8.901,-556.426,25,GECR,1.31
2026-03-21T15:20:42.418Z,32.16921142,34.81063230,46.647,4437025.527,3085034.336,3376353.970,-2.814,-8.581,0.068,9.031,-551.345,25,GECR,1.30
2026-03-21T15:20:43.418Z,32.16919564,34.81066079,35.133,4437016.756,3085031.511,3376346.358,-2.731,-8.092,-0.247,8.544,-558.363,26,GECR,1.19
2026-03-21T15:20:44.418Z,32.16909482,34.81062048,46.848,4437031.955,3085037.448,3376343.132,-2.472,-7.839,-0.576,8.240,-552.898,23,GECR,1.31
2026-03-21T15:20:45.418Z,32.16904047,34.81059398,42.968,4437033.320,3085035.353,3376335.964,-2.536,-6.136,0.394,6.651,-551.029,27,GECR,1.22
2026-03-21T15:20:46.418Z,32.16898867,34.81049951,50.131,4437045.895,3085033.244,3376334.916,-1.500,-5.616,-0.164,5.816,-548.174,24,GECR,1.50
2026-03-21T15:20:47.418Z,32.16896390,34.81049982,40.270,4437040.227,3085029.338,3376327.341,-1.453,-5.360,0.169,5.557,-550.342,26,GECR,1.20
2026-03-21T15:20:48.418Z,32.16892535,34.81056010,30.656,4437032.168,3085030.659,3376318.604,-0.990,-4.732,-0.740,4.891,-558.005,26,GECR,1.12
2026-03-21T15:20:49.418Z,32.16880884,34.81051312,37.292,4437044.957,3085034.155,3376311.201,0.380,-4.232,-0.705,4.307,-552.272,29,GECR,1.10
2026-03-21T15:20:50.418Z,32.16876424,34.81054483,38.054,4437045.941,3085038.482,3376307.419,0.844,-2.743,-0.236,2.880,-550.468,26,GECR,1.23
2026-03-21T15:20:51.418Z,32.16873521,34.81056989,38.879,4437046.572,3085041.799,3376305.134,1.524,-2.387,-0.023,2.832,-547.672,27,GECR,1.23
2026-03-21T15:20:52.418Z,32.16873047,34.81058538,41.342,4437047.680,3085044.349,3376306.000,2.144,-1.326,-0.428,2.557,-546.361,27,GECR,1.24
2026-03-21T15:20:53.418Z,32.16869639,34.81061623,36.590,4437044.369,3085045.591,3376300.272,3.705,-1.066,-1.215,4.042,-547.478,31,GECR,1.05
2026-03-21T15:20:54.418Z,32.16871445,34.81070093,37.614,4437039.644,3085052.037,3376302.512,5.512,-0.762,-0.100,5.565,-546.669,30,GECR,1.16
2026-03-21T15:20:55.418Z,32.16871514,34.81082230,44.026,4437037.532,3085064.510,3376305.990,7.558,-0.627,-0.994,7.649,-537.507,30,GECR,1.15
2026-03-21T15:20:56.418Z,32.16870900,34.81088956,46.623,4437036.013,3085071.182,3376306.797,10.181,-0.491,0.209,10.195,-531.515,27,GECR,1.32
2026-03-21T15:20:57.418Z,32.16871949,34.81096175,31.135,4437020.853,3085068.933,3376299.536,11.048,-0.010,0.619,11.066,-548.980,27,GECR,1.34
2026-03-21T15:20:58.418Z,32.16871547,34.81107352,27.256,4437012.334,3085075.850,3376297.092,11.400,0.612,-0.284,11.420,-552.055,26,GECR,1.31
2026-03-21T15:20:59.418Z,32.16867605,34.81118664,18.992,4437002.410,3085081.946,3376288.993,10.938,0.899,0.147,10.976,-558.889,26,GECR,1.31
2026-03-21T15:21:00.418Z,32.16876872,34.81129954,32.432,4437001.180,3085094.060,3376304.847,8.656,1.226,1.349,8.846,-545.918,32,GECR,1.04
2026-03-21T15:21:01.418Z,32.16876643,34.81140656,29.685,4436993.619,3085101.097,3376303.170,7.131,0.899,0.510,7.205,-549.416,28,GECR,1.41
2026-03-21T15:21:02.418Z,32.16876566,34.81143283,40.683,4436999.885,3085108.472,3376308.953,6.261,0.574,-0.776,6.335,-540.427,28,GECR,1.31
2026-03-21T15:21:03.418Z,32.16876013,34.81151604,36.052,4436992.455,3085112.864,3376305.968,5.496,0.889,0.019,5.568,-542.608,30,GECR,1.15
2026-03-21T15:21:04.418Z,32.16879000,34.81158588,24.521,4436979.232,3085111.694,3376302.633,4.904,1.088,0.129,5.025,-551.427,27,GECR,1.19
2026-03-21T15:21:05.418Z,32.16877289,34.81160536,33.118,4436984.988,3085117.933,3376305.603,4.417,0.939,-0.028,4.515,-544.934,29,GECR,1.16
2026-03-21T15:21:06.418Z,32.16878361,34.81165078,37.438,4436985.025,3085123.177,3376308.910,3.747,1.091,0.415,3.925,-541.714,33,GECR,0.97
2026-03-21T15:21:07.418Z,32.16880866,34.81170269,35.926,4436979.964,3085125.621,3376310.456,3.358,0.938,0.082,3.487,-542.034,33,GECR,1.01
2026-03-21T15:21:08.418Z,32.16883176,34.81173184,38.666,4436979.179,3085128.425,3376314.083,3.038,0.889,0.006,3.166,-539.000,33,GECR,1.01
2026-03-21T15:21:09.418Z,32.16881863,34.81177613,36.659,4436976.036,3085131.327,3376311.782,3.172,0.917,0.532,3.344,-539.245,30,GECR,1.07
2026-03-21T15:21:10.418Z,32.16880222,34.81181770,29.805,4436969.830,3085131.788,3376306.592,3.570,0.864,0.337,3.688,-546.846,33,GECR,1.01
2026-03-21T15:21:11.418Z,32.16883668,34.81186639,34.188,4436968.584,3085136.514,3376312.161,4.258,0.775,0.156,4.331,-543.738,31,GECR,1.12
2026-03-21T15:21:12.418Z,32.16883740,34.81191035,32.863,4436965.261,3085139.254,3376311.523,4.832,0.604,0.159,4.872,-546.733,32,GECR,1.05
2026-03-21T15:21:13.418Z,32.16880683,34.81189393,32.850,4436967.617,3085139.007,3376308.646,5.302,0.087,-0.598,5.336,-545.319,28,GECR,1.26
2026-03-21T15:21:14.418Z,32.16882448,34.81202531,25.954,4436954.895,3085145.253,3376306.632,5.955,-0.076,0.295,5.963,-551.299,28,GECR,1.15
2026-03-21T15:21:15.418Z,32.16883913,34.81205787,34.503,4436958.374,3085151.412,3376312.559,6.658,0.243,0.312,6.670,-545.224,24,GECR,1.36
2026-03-21T15:21:16.418Z,32.16883376,34.81218068,52.112,4436964.259,3085169.613,3376321.430,6.730,0.599,0.278,6.762,-527.005,24,GECR,1.34
2026-03-21T15:21:17.418Z,32.16884025,34.81224465,39.013,4436951.396,3085168.018,3376315.064,6.764,-0.129,-0.129,6.766,-543.666,26,GECR,1.30
2026-03-21T15:21:18.418Z,32.16881459,34.81228994,41.946,4436952.240,3085173.808,3376314.218,7.058,-0.222,0.267,7.067,-540.102,25,GECR,1.87
2026-03-21T15:21:19.418Z,32.16881622,34.81243196,50.872,4436950.717,3085189.064,3376319.124,7.300,-0.257,0.394,7.315,-533.137,29,GECR,1.23
2026-03-21T15:21:20.418Z,32.16882295,34.81248738,49.498,4436946.451,3085192.465,3376319.024,6.690,-0.166,-0.244,6.697,-533.400,29,GECR,1.15
2026-03-21T15:21:21.418Z,32.16882997,34.81254051,39.485,4436936.291,3085191.504,3376314.351,6.516,-0.248,0.172,6.523,-542.378,29,GECR,1.23
2026-03-21T15:21:22.418Z,32.16883686,34.81259511,37.247,4436931.462,3085194.419,3376313.807,6.589,-0.475,-0.368,6.617,-547.603,30,GECR,1.13
2026-03-21T15:21:23.418Z,32.16881324,34.81268169,38.137,4436928.564,3085202.349,3376312.063,6.515,-0.214,-0.057,6.519,-543.620,27,GECR,1.27
2026-03-21T15:21:24.418Z,32.16882611,34.81273091,36.344,4436924.043,3085204.860,3376312.317,6.325,-0.249,0.400,6.342,-545.381,27,GECR,1.29
2026-03-21T15:21:25.418Z,32.16882400,34.81278327,37.354,4436922.028,3085209.474,3376312.656,5.886,-0.051,0.621,5.919,-545.081,29,GECR,1.17
2026-03-21T15:21:26.418Z,32.16882404,34.81286644,37.731,4436917.809,3085216.096,3376312.861,5.648,-0.284,0.503,5.677,-542.786,26,GECR,1.35
2026-03-21T15:21:27.418Z,32.16881056,34.81291587,38.569,4436916.384,3085220.783,3376312.042,5.601,-0.465,-0.347,5.631,-545.422,26,GECR,1.40
2026-03-21T15:21:28.418Z,32.16879273,34.81299009,40.807,4436914.806,3085228.213,3376311.560,5.162,-0.307,0.447,5.190,-542.703,27,GECR,1.22
2026-03-21T15:21:29.418Z,32.16879935,34.81301119,38.371,4436911.656,3085228.447,3376310.884,4.736,-0.126,-0.094,4.739,-545.324,26,GECR,1.35
2026-03-21T15:21:30.418Z,32.16877262,34.81311789,43.345,4436910.663,3085240.014,3376311.023,4.866,0.145,0.459,4.889,-539.049,27,GECR,1.23
2026-03-21T15:21:31.418Z,32.16880500,34.81310967,37.366,4436905.382,3085235.397,3376310.879,3.535,1.185,-0.642,3.783,-547.632,28,GECR,1.20
2026-03-21T15:21:32.418Z,32.16879166,34.81316191,41.437,4436906.044,3085241.859,3376311.795,3.114,0.993,0.146,3.271,-545.059,27,GECR,1.34
2026-03-21T15:21:33.418Z,32.16881562,34.81315072,35.747,4436901.531,3085237.435,3376311.014,2.837,0.611,-1.064,3.091,-552.165,26,GECR,1.44
2026-03-21T15:21:34.418Z,32.16882459,34.81325158,41.087,4436899.376,3085247.524,3376314.699,2.387,0.371,0.488,2.465,-547.694,27,GECR,1.34
2026-03-21T15:21:35.418Z,32.16880632,34.81325262,50.431,4436906.700,3085252.735,3376317.959,1.840,0.119,-0.048,1.844,-539.999,27,GECR,1.24
2026-03-21T15:21:36.418Z,32.16881535,34.81327822,40.275,4436897.826,3085249.506,3376313.400,1.230,-0.290,-0.285,1.296,-552.787,26,GECR,1.35
2026-03-21T15:21:37.418Z,32.16881994,34.81333245,46.040,4436898.689,3085256.336,3376316.900,0.563,-0.061,0.184,0.595,-544.987,26,GECR,1.36
2026-03-21T15:21:38.418Z,32.16882251,34.81337395,51.377,4436900.039,3085262.043,3376319.982,0.153,0.009,-0.032,0.157,-541.361,27,GECR,1.28
2026-03-21T15:21:39.418Z,32.16881356,34.81334774,44.951,4436897.418,3085257.209,3376315.721,-0.130,0.306,0.129,0.357,-547.193,26,GECR,1.47
2026-03-21T15:21:40.418Z,32.16881743,34.81333023,43.662,4436897.278,3085255.100,3376315.398,-0.031,0.137,0.077,0.160,-550.069,27,GECR,1.25
2026-03-21T15:21:41.418Z,32.16879414,34.81332969,53.195,4436905.061,3085260.450,3376318.288,-0.120,0.087,0.202,0.250,-543.051,27,GECR,1.22
2026-03-21T15:21:42.418Z,32.16883035,34.81330000,42.551,4436897.508,3085251.787,3376316.020,0.109,0.137,0.136,0.222,-555.678,28,GECR,1.17
2026-03-21T15:21:43.418Z,32.16882357,34.81326916,43.571,4436900.205,3085250.120,3376315.926,0.707,0.270,-1.601,1.771,-553.047,23,GECR,1.59
2026-03-21T15:21:44.418Z,32.16880310,34.81323368,38.803,4436899.795,3085245.758,3376311.466,-0.004,-0.074,1.425,1.427,-556.622,25,GECR,1.49
2026-03-21T15:21:45.418Z,32.16880941,34.81324683,48.698,4436905.658,3085251.346,3376317.326,0.751,0.959,1.160,1.682,-551.620,22,GECR,1.62
2026-03-21T15:21:46.418Z,32.16880142,34.81323629,47.107,4436905.507,3085250.030,3376315.729,0.476,-0.061,-1.247,1.336,-553.744,25,GECR,1.30
2026-03-21T15:21:47.418Z,32.16875229,34.81327093,37.705,4436899.488,3085249.825,3376306.112,0.418,-0.275,-2.067,2.127,-559.803,24,GECR,1.43
2026-03-21T15:21:48.418Z,32.16879332,34.81328981,56.241,4436909.365,3085258.861,3376319.832,0.185,0.095,-0.275,0.345,-543.385,24,GECR,1.40
2026-03-21T15:21:49.418Z,32.16880070,34.81321151,45.031,4436905.433,3085247.133,3376314.557,-0.321,0.067,-0.214,0.391,-551.034,25,GECR,1.32
2026-03-21T15:21:50.418Z,32.16877760,34.81320324,33.769,4436899.171,3085241.828,3376306.392,-0.752,0.101,-0.619,0.979,-560.730,26,GECR,1.26
2026-03-21T15:21:51.418Z,32.16878306,34.81315852,50.792,4436913.145,3085246.407,3376315.968,-0.119,-0.577,-0.622,0.856,-543.317,26,GECR,1.26
2026-03-21T15:21:52.418Z,32.16880996,34.81326649,48.959,4436904.754,3085252.976,3376317.517,0.257,-0.910,-1.035,1.402,-548.660,27,GECR,1.32
2026-03-21T15:21:53.418Z,32.16876048,34.81323078,41.618,4436903.973,3085248.330,3376308.964,1.173,-1.269,0.316,1.757,-556.363,29,GECR,1.15
2026-03-21T15:21:54.418Z,32.16878482,34.81328680,46.955,4436903.486,3085254.427,3376314.090,0.993,-1.212,0.986,1.852,-554.099,26,GECR,1.31
2026-03-21T15:21:55.418Z,32.16875170,34.81327908,35.166,4436897.314,3085249.249,3376304.705,1.464,-1.335,-0.016,1.982,-562.110,28,GECR,1.14
2026-03-21T15:21:56.418Z,32.16877982,34.81326873,47.911,4436905.366,3085253.659,3376314.131,0.573,-0.744,0.932,1.323,-553.046,28,GECR,1.31
2026-03-21T15:21:57.418Z,32.16873342,34.81327781,39.819,4436901.502,3085252.015,3376305.466,0.550,-1.232,1.176,1.790,-562.680,26,GECR,1.17
2026-03-21T15:21:58.418Z,32.16874618,34.81329159,54.236,4436910.161,3085259.619,3376314.340,-0.009,-0.537,-0.294,0.613,-554.881,28,GECR,1.15
2026-03-21T15:21:59.418Z,32.16879596,34.81328857,48.475,4436903.907,3085254.923,3376315.945,0.190,0.024,-0.506,0.541,-559.454,23,GECR,1.62
2026-03-21T15:22:00.418Z,32.16888893,34.81325444,57.643,4436907.609,3085253.578,3376329.553,-0.001,0.044,0.036,0.056,-545.958,19,GECR,2.27
2026-03-21T15:22:01.418Z,32.16867509,34.81325359,50.008,4436912.715,3085257.030,3376305.416,-0.001,-0.173,0.945,0.960,-560.300,24,GECR,1.58
2026-03-21T15:22:02.418Z,32.16879287,34.81325803,53.295,4436909.051,3085254.992,3376318.222,-0.136,-0.824,-0.579,1.016,-558.887,21,GECR,1.61
2026-03-21T15:22:03.418Z,32.16868808,34.81326881,43.172,4436906.515,3085254.467,3376302.996,-0.084,-0.634,-0.235,0.681,-568.523,23,GECR,1.45
2026-03-21T15:22:04.418Z,32.16869515,34.81330849,45.394,4436905.579,3085258.375,3376304.843,-0.094,-0.340,1.248,1.296,-567.137,25,GECR,1.26
2026-03-21T15:22:05.418Z,32.16869923,34.81330395,56.847,4436913.586,3085263.421,3376311.323,0.301,-0.731,0.231,0.824,-557.916,22,GECR,1.63
2026-03-21T15:22:06.418Z,32.16865016,34.81333343,39.160,4436902.085,3085258.810,3376297.300,0.135,-0.684,-0.008,0.697,-575.061,22,GECR,1.73
2026-03-21T15:22:07.418Z,32.16871297,34.81335071,55.482,4436909.453,3085265.919,3376311.886,0.417,-1.089,0.227,1.188,-559.860,17,GECR,3.61
2026-03-21T15:22:08.418Z,32.16868242,34.81330624,29.750,4436895.445,3085251.070,3376295.318,-0.184,-1.753,-1.012,2.033,-585.882,19,GECR,2.13
2026-03-21T15:22:09.418Z,32.16864000,34.81316518,56.040,4436923.369,3085254.281,3376305.333,0.642,-1.397,-0.303,1.567,-561.003,16,GECR,2.18
2026-03-21T15:22:10.418Z,32.16864501,34.81327214,39.741,4436906.039,3085254.519,3376297.126,1.179,-1.780,-3.144,3.801,-577.567,21,GECR,1.69
2026-03-21T15:22:11.418Z,32.16855789,34.81325131,41.349,4436912.501,3085256.619,3376289.805,1.505,-2.220,-1.772,3.215,-577.415,19,GECR,2.10
2026-03-21T15:22:12.418Z,32.16849689,34.81334013,15.885,4436892.977,3085253.247,3376270.521,0.075,-1.000,-0.402,1.081,-600.673,19,GECR,1.81
2026-03-21T15:22:13.418Z,32.16852524,34.81336113,10.418,4436886.673,3085251.276,3376270.271,0.110,-1.175,-0.377,1.239,-605.324,19,GECR,2.04
2026-03-21T15:22:14.418Z,32.16860063,34.81326048,73.013,4436931.941,3085271.190,3376310.675,-1.061,-0.574,3.180,3.401,-554.358,18,GECR,1.77
2026-03-21T15:22:15.418Z,32.16857778,34.81332513,44.509,4436909.758,3085263.192,3376293.354,0.291,-0.827,-0.312,0.931,-581.293,23,GECR,1.54
2026-03-21T15:22:16.418Z,32.16850187,34.81323621,43.189,4436917.308,3085258.227,3376285.526,-0.385,-0.410,-2.165,2.237,-581.220,19,GECR,1.70
2026-03-21T15:22:17.418Z,32.16852859,34.81324392,45.504,4436917.206,3085259.042,3376289.266,-1.051,-0.149,-0.195,1.079,-579.074,20,GECR,1.94
2026-03-21T15:22:18.418Z,32.16854020,34.81325612,46.558,4436916.720,3085260.105,3376290.917,-1.097,0.138,2.479,2.715,-584.753,23,GECR,1.59
2026-03-21T15:22:19.418Z,32.16859940,34.81324867,44.908,4436913.104,3085256.736,3376295.595,-0.448,0.282,0.287,0.602,-583.097,20,GECR,2.23
2026-03-21T15:22:20.418Z,32.16855715,34.81323233,44.984,4436916.085,3085256.931,3376291.670,-0.075,0.457,0.783,0.910,-586.482,22,GECR,1.65
2026-03-21T15:22:21.418Z,32.16849564,34.81323690,28.088,4436907.078,3085251.193,3376276.900,-0.227,-0.620,-1.059,1.248,-599.321,21,GECR,1.97
2026-03-21T15:22:22.418Z,32.16862321,34.81324455,63.087,4436924.806,3085264.399,3376307.510,-0.077,-0.078,-0.446,0.459,-565.866,21,GECR,2.15
2026-03-21T15:22:23.418Z,32.16857600,34.81320584,57.034,4436924.972,3085260.067,3376299.855,-0.029,-0.199,-0.509,0.547,-579.506,19,GECR,2.50
2026-03-21T15:22:24.418Z,32.16859622,34.81330722,51.504,4436914.689,3085264.564,3376298.809,0.997,-0.761,-3.777,3.980,-580.991,18,GECR,2.32
2026-03-21T15:22:25.418Z,32.16844680,34.81320767,45.556,4436923.160,3085259.017,3376281.617,-0.606,0.027,-0.203,0.639,-593.745,18,GECR,2.36
2026-03-21T15:22:26.418Z,32.16850667,34.81322678,47.897,4436920.855,3085259.610,3376288.483,-0.135,-0.064,0.380,0.408,-589.921,20,GECR,1.80
2026-03-21T15:22:27.418Z,32.16850443,34.81327380,91.624,4436948.822,3085284.458,3376311.553,0.538,1.062,2.805,3.048,-544.234,15,GECR,3.07
2026-03-21T15:22:28.418Z,32.16855304,34.81321409,110.529,4436962.819,3085287.332,3376326.181,-1.201,-0.603,-0.770,1.549,-539.196,9,GECR,5.57
2026-03-21T15:22:29.418Z,32.16844634,34.81325596,76.231,4436941.899,3085277.596,3376297.905,0.767,-0.575,-2.494,2.672,-570.315,13,GECR,4.07
2026-03-21T15:22:30.418Z,32.16857703,34.81330604,115.554,4436960.197,3085296.072,3376331.109,-0.152,-0.181,1.043,1.069,-554.682,13,GECR,4.03
2026-03-21T15:22:31.418Z,32.16837031,34.81351009,11.144,4436886.666,3085268.384,3376256.115,-0.476,1.419,-2.227,2.684,-647.756,8,GECR,15.70
2026-03-21T15:22:32.418Z,32.16860188,34.81334180,32.389,4436899.269,3085257.813,3376289.163,0.179,-0.953,-3.631,3.758,-613.789,14,GECR,2.28
2026-03-21T15:22:33.418Z,32.16856135,34.81320674,115.621,4436966.351,3085288.943,3376329.672,0.065,-0.016,-0.361,0.367,-551.707,13,GECR,4.11
2026-03-21T15:22:34.418Z,32.16861326,34.81325807,127.062,4436969.022,3085296.698,3376340.636,0.249,-0.164,0.354,0.463,-546.345,14,GECR,2.60
2026-03-21T15:22:35.418Z,32.16856470,34.81330338,158.074,4436990.488,3085316.831,3376352.590,-0.886,2.453,4.530,5.227,-511.379,11,GECR,3.60
2026-03-21T15:22:36.418Z,32.16843537,34.81323188,0.445,4436891.058,3085239.477,3376256.526,-0.685,-0.390,0.955,1.238,-643.067,11,GECR,4.50
